# VZOR formátu kalendáře — ukázka, ne data k obchodování.
#
# Skutečné termíny jsou v data/udalosti.csv. Tenhle soubor existuje proto,
# aby bylo z čeho vyjít, když si někdo skládá vlastní kalendář, a aby měl
# parser test na formát.
#
# Sloupce:
#   date    YYYY-MM-DD, den události
#   name    název; blackout se podle něj nerozlišuje, slouží k dohledání
#   symbol  prázdné = makro událost, dotkne se všech titulů
#           ticker  = událost jedné firmy, typicky výsledky
#
# Řádek začínající # se ignoruje, takže si sem pište odkazy na zdroj.
# Nečitelné datum parser přeskočí s varováním, nespadne.
#
# Použití:
#   python -m trading backtest --symbols SPY --start 2020-01-01 \
#       --calendar data/udalosti.csv --blackout-before 1
#
# Blackout blokuje NOVÉ VSTUPY, nic víc. Otevřené pozice se dál řídí svými
# stopy — zavírat všechno před každým zasedáním Fedu znamená platit skluz
# navíc a přijít o trendy, které událostí prošly bez úhony.
date,name,symbol
# Makro událost: prázdný symbol, platí pro celé portfolio.
2026-01-28,FOMC,
2026-02-13,CPI,
# Událost jedné firmy: vyplněný ticker, ostatních titulů se netýká.
2026-01-29,vysledky,AAPL
2026-04-30,vysledky,AAPL
